City_ID,City,Lat,Lng,Max Temp,Humidity,Cloudiness,Wind Speed,Country,Date
0,edinburgh of the seven seas,-37.0676,-12.3116,14.15,90,100,8.97,SH,1722305263
1,nar'yan-mar,67.6713,53.087,11.82,75,100,5.77,RU,1722305264
2,albany,42.6001,-73.9662,22.24,88,39,2.22,US,1722305259
3,rikaze,29.25,88.8833,16.83,29,0,0.77,CN,1722305267
4,carnarvon,-24.8667,113.6333,19.28,69,0,4.07,AU,1722305268
5,puerto natales,-51.7236,-72.4875,1.29,95,100,1.72,CL,1722305269
6,bredasdorp,-34.5322,20.0403,8.01,83,100,2.57,ZA,1722305271
7,sumbawa besar,-8.5,117.4333,32.41,47,23,2.72,ID,1722305274
8,keflavik,64.0049,-22.5624,9.24,100,75,3.09,IS,1722305275
9,princeville,45.7668,-61.2985,23.2,95,100,5.14,CA,1722305276
10,hithadhoo,-0.6,73.0833,28.41,76,99,5.06,MV,1722305277
11,waitangi,-43.9535,-176.5597,12.68,97,100,4.02,NZ,1722305279
12,blackmans bay,-43.0167,147.3167,10.29,71,97,0.45,AU,1722305280
13,aswan,24.0934,32.907,31.19,27,100,3.39,EG,1722305281
14,bethel,41.3712,-73.414,22.23,89,0,0.0,US,1722305283
15,aasiaat,68.7098,-52.8699,3.28,88,100,2.28,GL,1722305284
16,haiku-pauwela,20.9219,-156.3051,27.9,65,20,12.35,US,1722305285
17,grytviken,-54.2811,-36.5092,-3.13,75,100,3.57,GS,1722305288
18,hawaiian paradise park,19.5933,-154.9731,27.71,71,75,3.6,US,1722305290
19,klyuchi,52.2667,79.1667,22.45,48,11,2.4,RU,1722305291
20,shahrud,36.4182,54.9763,19.34,72,0,5.38,IR,1722305292
21,lobujya,27.95,86.8167,5.23,52,0,2.95,NP,1722305293
22,hotan,37.0997,79.9269,33.18,16,78,3.93,CN,1722305295
23,ushuaia,-54.8,-68.3,-1.94,98,91,1.48,AR,1722305296
24,iqaluit,63.7506,-68.5145,8.85,61,20,8.23,CA,1722305159
25,iskateley,67.6803,53.1512,11.86,75,100,5.77,RU,1722305302
26,kaspiyskiy,45.3929,47.3707,23.55,65,0,3.86,RU,1722305303
27,montepuez,-13.1256,38.9997,15.48,95,27,1.53,MZ,1722305304
28,gdansk,54.3521,18.6464,16.2,93,20,2.06,PL,1722305306
29,manga,11.6636,-1.0731,22.65,92,100,2.19,BF,1722305307
30,fale old settlement,-9.3852,-171.2468,27.03,72,100,10.13,TK,1722305308
31,toba,34.4833,136.85,29.0,68,80,7.08,JP,1722305309
32,chai badan,15.2,101.1333,26.2,85,99,4.92,TH,1722305311
33,kibaya,-5.3,36.5667,12.65,82,45,1.58,TZ,1722305312
34,seymour,38.9592,-85.8903,27.1,93,97,3.35,US,1722305313
35,geraldton,-28.7667,114.6,17.23,94,0,4.12,AU,1722305315
36,prince george,53.9166,-122.753,18.68,88,99,0.89,CA,1722305224
37,chibougamau,49.9168,-74.3659,19.92,55,46,1.65,CA,1722305318
38,bilibino,68.0546,166.4372,12.24,47,92,3.99,RU,1722305320
39,tougan,13.0667,-3.0667,23.16,90,96,3.08,BF,1722305321
40,georgetown,5.4112,100.3354,29.96,74,20,2.57,MY,1722305322
41,hammerfest,70.6634,23.6821,10.25,100,100,1.03,NO,1722305324
42,kodiak,57.79,-152.4072,15.73,51,75,3.09,US,1722305325
43,shetpe,44.1667,52.1167,22.4,43,0,1.22,KZ,1722305326
44,port-aux-francais,-49.35,70.2167,0.85,61,93,6.32,TF,1722305328
45,invercargill,-46.4,168.35,6.68,71,87,6.26,NZ,1722305329
46,adamstown,-25.066,-130.1015,21.58,86,0,7.17,PN,1722305330
47,lauro de freitas,-12.8944,-38.3272,24.01,83,20,1.03,BR,1722305332
48,ust-nera,64.5667,143.2,17.68,61,97,2.16,RU,1722305333
49,whitehorse,60.7161,-135.0538,17.67,42,86,7.6,CA,1722305334
50,richards bay,-28.783,32.0377,15.34,81,0,3.96,ZA,1722305336
51,khorixas,-20.3667,14.9667,10.23,44,11,1.29,NA,1722305337
52,cape canaveral,28.4058,-80.6048,28.93,81,0,2.57,US,1722305338
53,hadibu,12.65,54.0333,25.57,83,100,10.57,YE,1722305339
54,jijiga,9.35,42.8,18.14,81,99,3.95,ET,1722305341
55,puerto ayora,-0.7393,-90.3518,19.75,97,77,1.79,EC,1722305342
56,luena,-11.7833,19.9167,12.01,26,5,0.19,AO,1722305343
57,codrington,-38.2667,141.9667,12.81,62,87,2.73,AU,1722305345
58,thompson,55.7435,-97.8558,20.51,68,100,3.24,CA,1722305347
59,basco,20.4487,121.9702,28.25,83,100,5.5,PH,1722305348
60,la passe,45.5549,-0.8967,25.13,82,100,3.68,FR,1722305349
61,rocky mountain house,52.3668,-114.9188,16.16,78,100,4.21,CA,1722305350
62,olonkinbyen,70.9221,-8.7187,5.12,95,100,9.24,SJ,1722305352
63,ati,13.2154,18.3353,26.69,76,99,5.4,TD,1722305353
64,talcahuano,-36.7167,-73.1167,10.82,58,0,2.57,CL,1722305354
65,constantia,44.1833,28.65,22.61,47,74,7.22,RO,1722305356
66,udachny,66.4167,112.4,14.43,54,11,5.86,RU,1722305358
67,avarua,-21.2078,-159.775,21.03,46,20,6.17,CK,1722305359
68,nova vicosa,-17.8919,-39.3719,22.86,87,17,4.65,BR,1722305360
69,badger,64.8,-147.5333,12.98,88,75,3.09,US,1722305362
70,san fernando,15.0286,120.6898,30.85,64,100,2.0,PH,1722305364
71,kapa'a,22.0752,-159.319,27.18,83,40,8.75,US,1722305366
72,uturoa,-16.7333,-151.4333,23.75,85,87,8.2,PF,1722305367
73,ribeira brava,32.65,-17.0667,23.34,79,0,1.01,PT,1722305368
74,berezovyy,51.6667,135.7,22.12,55,6,1.91,RU,1722305370
75,tindivanam,12.25,79.65,27.63,73,100,5.36,IN,1722305371
76,ta`u,-14.2336,-169.5144,24.96,63,68,11.48,AS,1722305372
77,papatowai,-46.5619,169.4708,5.82,70,99,6.19,NZ,1722305374
78,west island,-12.1568,96.8225,26.99,83,100,5.66,CC,1722305375
79,vangaindrano,-23.35,47.6,18.85,80,41,1.53,MG,1722305376
80,egilsstadir,65.2653,-14.3948,10.85,85,100,2.7,IS,1722305378
81,san antonio de pale,-1.4014,5.6325,22.6,75,100,3.58,GQ,1722305379
82,saint-joseph,-21.3667,55.6167,19.21,70,2,2.4,RE,1722305380
83,maughold,54.2988,-4.3184,14.57,90,54,2.69,IM,1722305382
84,inverloch,-38.6333,145.7167,13.36,52,58,1.6,AU,1722305383
85,tangalle,6.024,80.7911,25.09,71,75,4.93,LK,1722305384
86,longyearbyen,78.2186,15.6401,7.91,93,100,4.63,SJ,1722305386
87,tiksi,71.6872,128.8694,3.2,96,100,3.4,RU,1722305387
88,buba,11.5833,-15.0,24.37,96,95,2.25,GW,1722305389
89,lebu,-37.6167,-73.65,8.38,72,100,2.47,CL,1722305390
90,petropavlovsk-kamchatsky,53.0452,158.6483,14.33,82,75,1.0,RU,1722305391
91,bajil,15.0584,43.2851,31.55,52,64,2.75,YE,1722305392
92,fort mcmurray,56.7268,-111.381,21.16,60,100,4.51,CA,1722305394
93,trairi,-3.2778,-39.2689,24.44,86,63,3.63,BR,1722305395
94,dharmavaram,14.4333,77.7167,26.99,71,100,7.36,IN,1722305396
95,kapoeta,4.7717,33.5903,22.71,84,100,0.86,SS,1722305398
96,kailua-kona,19.6406,-155.9956,28.98,77,100,4.12,US,1722305399
97,al qitena,14.8648,32.3668,28.35,64,19,6.68,SD,1722305400
98,palmer,42.1584,-72.3287,20.78,82,100,2.06,US,1722305117
99,sao vicente,-23.9631,-46.3919,20.1,94,100,5.36,BR,1722305403
100,scottburgh,-30.2867,30.7532,12.06,75,0,3.0,ZA,1722305404
101,smithers,54.7804,-127.1743,21.0,48,74,1.64,CA,1722305405
102,shixing,24.9482,114.0657,30.27,70,5,1.43,CN,1722305407
103,san patricio,28.017,-97.5169,29.93,78,3,5.87,US,1722305408
104,ouddorp,51.8117,3.9347,21.12,70,0,3.91,NL,1722305409
105,atafu village,-8.5421,-172.5159,27.32,75,100,10.12,TK,1722305411
106,punta arenas,-53.15,-70.9167,3.06,93,75,6.17,CL,1722305412
107,borger,52.9233,6.7931,16.13,85,0,2.39,NL,1722305413
108,bikenibeu village,1.3673,173.1241,31.98,66,75,3.09,KI,1722305415
109,sola,-13.8833,167.55,26.07,67,98,8.44,VU,1722305416
110,clinton,42.587,-82.9199,26.18,83,75,4.63,US,1722305417
111,praia da vitoria,38.7333,-27.0667,24.14,94,40,1.2,PT,1722305148
112,sitka,57.0531,-135.33,16.94,72,100,0.0,US,1722305423
113,richland center,43.3347,-90.3868,20.99,94,0,1.6,US,1722305424
114,port mathurin,-19.6833,63.4167,21.86,71,94,6.19,MU,1722305426
115,ocean shores,46.9737,-124.1563,17.38,98,100,5.14,US,1722305426
116,gremda,34.75,10.7833,28.32,47,0,3.53,TN,1722305428
117,suva,-18.1416,178.4415,25.71,53,20,8.23,FJ,1722305429
118,birjand,32.8663,59.2211,21.94,40,0,2.4,IR,1722305431
119,buala,-8.145,159.5921,27.0,81,98,3.89,SB,1722305432
120,jose maria morelos,30.8066,-112.684,35.73,36,1,3.83,MX,1722305434
121,city of balikpapan,-1.242,116.8942,29.97,70,40,4.12,ID,1722305435
122,vadso,70.0744,29.7487,13.49,88,100,1.54,NO,1722305437
123,hobyo,5.3505,48.5268,24.37,83,97,11.29,SO,1722305438
124,qaqortoq,60.7167,-46.0333,7.54,85,100,4.47,GL,1722305440
125,talnakh,69.4865,88.3972,23.8,40,100,3.87,RU,1722305441
126,dudinka,69.4058,86.1778,23.91,43,62,7.02,RU,1722305442
127,savanna-la-mar,18.219,-78.1332,26.63,91,100,1.06,JM,1722305443
128,wailua homesteads,22.0669,-159.378,26.44,85,40,8.75,US,1722305445
129,swakopmund,-22.6833,14.5333,8.32,86,7,1.16,NA,1722305446
130,dakhla,23.6848,-15.958,19.46,95,1,7.24,EH,1722305448
131,college,64.8569,-147.8028,13.03,87,75,3.09,US,1722305449
132,torbat-e jam,35.244,60.6225,23.8,34,0,10.27,IR,1722305450
133,namanga,-2.5433,36.7905,17.37,86,20,1.88,KE,1722305451
134,jamestown,42.097,-79.2353,22.8,94,20,2.06,US,1722305453
135,sao joao da barra,-21.6403,-41.0511,21.31,88,24,6.91,BR,1722305454
136,vila velha,-20.3297,-40.2925,23.3,87,0,3.09,BR,1722305455
137,guiyang,26.5833,106.7167,21.86,92,100,0.92,CN,1722305457
138,viedma,-40.8135,-62.9967,5.69,28,78,7.54,AR,1722305458
139,shingu,33.7333,135.9833,33.92,51,1,1.38,JP,1722305459
140,portland,45.5234,-122.6762,20.85,89,100,0.89,US,1722305054
141,hamilton,39.1834,-84.5333,26.97,83,100,3.09,US,1722305462
142,ubata,-14.2139,-39.5228,18.55,99,32,0.22,BR,1722305463
143,inderbor,48.55,51.7833,25.2,37,48,6.02,KZ,1722305464
144,ormara,25.2088,64.6357,28.36,90,100,6.05,PK,1722305466
145,palikir - national government center,6.9248,158.1611,30.47,84,75,5.14,FM,1722305467
146,sao luiz gonzaga,-28.4083,-54.9608,8.52,87,4,4.56,BR,1722305469
147,jiujiang,29.7333,115.9833,33.21,63,0,1.42,CN,1722305470
148,stanley,54.868,-1.6985,12.5,94,0,3.09,GB,1722305471
149,leiyang,26.4024,112.8591,30.6,66,2,3.39,CN,1722305473
150,rundu,-17.9333,19.7667,12.15,19,2,2.43,NA,1722305474
151,logan,41.7355,-111.8344,30.02,32,0,1.79,US,1722305477
152,sidi ech chahmi,35.659,-0.5217,29.97,48,0,2.57,DZ,1722305478
153,ilulissat,69.2167,-51.1,4.01,93,75,0.0,GL,1722305480
154,mahina,-17.5065,-149.489,22.87,94,75,9.77,PF,1722305424
155,kalymnos,36.95,26.9833,24.74,73,0,5.66,GR,1722305482
156,banda aceh,5.5577,95.3222,28.91,66,100,2.2,ID,1722305483
157,mili,6.0815,171.735,26.99,79,100,4.67,MH,1722305484
158,bamboo flat,11.7,92.7167,29.05,79,40,3.6,IN,1722305486
159,rio san juan,19.6439,-70.0763,26.18,88,72,4.16,DO,1722305487
160,vorgashor,67.5833,63.95,18.77,71,93,3.64,RU,1722305488
161,enewetak,11.3474,162.3373,28.7,76,9,3.08,MH,1722305491
162,surman,32.7567,12.5716,25.41,66,0,0.85,LY,1722305492
163,ivdel',60.6911,60.4206,13.99,94,57,0.75,RU,1722305494
164,neelankarai,12.9455,80.2575,31.07,77,40,3.09,IN,1722305495
165,san jose del guaviare,2.5729,-72.6459,21.71,98,100,1.22,CO,1722305496
166,ribeira grande,38.5167,-28.7,22.1,88,9,1.79,PT,1722305498
167,odienne,9.51,-7.5692,21.08,99,100,1.48,CI,1722305499
168,north bay,46.3168,-79.4663,21.08,83,0,1.02,CA,1722305500
169,borodino,55.9106,94.8983,20.95,84,100,4.5,RU,1722305502
170,kill devil hills,36.0307,-75.676,26.1,74,75,5.66,US,1722305503
171,lihue,21.9789,-159.3672,26.77,77,40,8.75,US,1722305506
172,abinsk,44.8726,38.1611,21.05,90,2,3.03,RU,1722305507
173,port douglas,-16.4833,145.4667,21.68,66,99,8.01,AU,1722305508
174,wewak,-3.5534,143.6268,29.82,67,8,3.48,PG,1722305510
175,novodvinsk,64.4165,40.8122,12.86,93,100,1.48,RU,1722305511
176,hermanus,-34.4187,19.2345,7.11,66,100,2.93,ZA,1722305512
177,sagalo,12.2007,-10.6996,21.09,98,93,0.6,ML,1722305514
178,orapa,-21.2833,25.3667,10.3,15,0,3.72,BW,1722305515
179,al ghayzah,16.2079,52.176,25.39,91,100,1.58,YE,1722305516
180,horta,38.5333,-28.6333,21.68,88,23,1.79,PT,1722305518
181,kavieng,-2.5744,150.7967,28.33,77,94,3.53,PG,1722305519
182,yatou,37.15,122.3833,31.63,73,13,4.58,CN,1722305520
183,kapuskasing,49.4169,-82.4331,21.05,100,100,3.09,CA,1722305522
184,barcelos,41.5388,-8.6151,27.08,62,75,2.0,PT,1722305523
185,abra pampa,-22.7205,-65.697,5.53,59,0,4.1,AR,1722305524
186,nanakuli,21.3906,-158.1547,29.65,49,20,5.66,US,1722305526
187,turuntayevo,52.2,107.6167,23.05,69,14,0.75,RU,1722305527
188,goondiwindi,-28.55,150.3167,15.45,39,0,5.91,AU,1722305528
189,anadyr,64.75,177.4833,19.28,52,40,3.0,RU,1722305529
190,kharp,66.8014,65.8081,17.49,86,100,2.54,RU,1722305531
191,chonchi,-42.6128,-73.8092,5.07,84,100,0.55,CL,1722305532
192,malango,-2.9627,119.9001,23.7,88,53,1.44,ID,1722305533
193,yanam,16.7333,82.2167,28.3,83,90,2.17,IN,1722305535
194,suntar,62.1444,117.6319,18.67,48,0,3.88,RU,1722305536
195,usinsk,65.9939,57.5281,16.41,93,97,3.49,RU,1722305537
196,bel ombre,-4.6167,55.4167,25.91,78,40,6.17,SC,1722305538
197,manay,7.215,126.5397,28.7,71,16,3.33,PH,1722305540
198,mil'kovo,55.6078,37.7956,17.02,65,94,1.08,RU,1722305541
199,laojunmiao,39.8333,97.7333,27.71,16,57,3.97,CN,1722305542
200,morondava,-20.2833,44.2833,17.19,73,0,2.78,MG,1722305544
201,tsiombe,-25.3,45.4833,19.27,79,100,2.21,MG,1722305545
202,garden city,42.3256,-83.331,26.14,86,0,4.63,US,1722305546
203,utrik,11.2278,169.8474,27.84,80,91,9.76,MH,1722305548
204,khorugh,37.4897,71.553,18.94,38,41,0.88,TJ,1722305549
205,burang,30.25,81.1667,13.32,68,0,0.15,CN,1722305550
206,aginskoye,51.1,114.53,25.08,53,52,3.81,RU,1722305552
207,san jeronimito,17.55,-101.3333,26.91,78,75,4.63,MX,1722305553
208,ambon,-3.6954,128.1814,28.82,95,40,3.09,ID,1722305554
209,villanueva,15.3167,-88.0,25.55,89,20,1.54,HN,1722305556
210,al kharijah,25.4514,30.5464,29.77,25,96,3.02,EG,1722305557
211,papao,-17.75,-149.55,22.82,86,61,8.19,PF,1722305558
212,sitia,35.2,26.0986,28.32,62,0,7.14,GR,1722305560
213,pamandzi,-12.7967,45.2794,20.88,78,0,1.03,YT,1722305562
214,nuku'alofa,-21.1333,-175.2,22.24,59,11,9.55,TO,1722305563
215,konarka,19.9,86.1167,27.22,77,95,2.46,IN,1722305564
216,newman,37.3138,-121.0208,31.27,43,0,2.68,US,1722305566
217,nova sintra,14.8667,-24.7167,24.87,76,5,8.22,CV,1722305567
218,saipan,15.1355,145.701,32.39,70,20,5.14,MP,1722305568
219,lompoc,34.6391,-120.4579,16.58,84,100,4.63,US,1722305570
220,nirmali,26.3167,86.5833,30.91,73,2,5.33,IN,1722305571
221,colesberg,-30.72,25.0972,0.97,47,0,1.13,ZA,1722305572
222,yellowknife,62.456,-114.3525,20.29,49,75,2.57,CA,1722305573
223,soteapan,18.2333,-94.8667,25.24,95,98,2.74,MX,1722305575
224,alice springs,-23.7,133.8833,12.75,30,0,5.66,AU,1722305576
225,remire-montjoly,4.9167,-52.2667,26.02,89,0,1.54,GF,1722305577
226,nemuro,43.3236,145.575,14.64,97,100,12.96,JP,1722305579
227,barreirinhas,-2.7469,-42.8264,24.66,89,49,3.49,BR,1722305580
228,ngaoundere,7.3167,13.5833,17.77,96,100,0.97,CM,1722305581
229,bima,-8.4667,118.7167,32.06,55,77,1.06,ID,1722305583
230,deschutes river woods,43.9915,-121.3584,20.24,55,100,1.79,US,1722305584
231,pacific grove,36.6177,-121.9166,21.8,80,100,3.09,US,1722305442
232,port alfred,-33.5906,26.891,12.37,56,10,7.8,ZA,1722305587
233,arraial do cabo,-22.9661,-42.0278,21.69,89,48,9.08,BR,1722305588
234,katabu,-4.9333,122.5167,29.42,61,15,5.1,ID,1722305589
235,puerto deseado,-47.7503,-65.8938,3.0,66,20,6.75,AR,1722305591
236,ihosy,-22.4,46.1167,12.08,68,0,1.48,MG,1722305592
237,enriquillo,17.9,-71.2333,25.57,85,99,4.59,DO,1722305593
238,nelson bay,-32.7167,152.15,15.0,79,88,10.97,AU,1722305437
239,kiruna,67.8557,20.2251,9.51,100,100,2.06,SE,1722305597
240,melendugno,40.2747,18.3368,28.05,89,0,7.72,IT,1722305598
241,hilo,19.7297,-155.09,27.83,74,75,3.6,US,1722305599
242,ingeniero guillermo n. juarez,-23.9,-61.85,14.16,51,100,2.53,AR,1722305601
243,vila franca do campo,37.7167,-25.4333,22.23,92,16,0.98,PT,1722305602
244,prado,-17.3411,-39.2208,24.05,84,10,5.85,BR,1722305603
245,hami,42.8,93.45,36.19,15,0,2.3,CN,1722305605
246,tura,25.5198,90.2201,25.57,95,99,2.89,IN,1722305606
247,limulunga,-15.0969,23.1376,12.78,23,0,2.02,ZM,1722305607
248,zahedan,29.4963,60.8629,28.95,28,100,3.09,IR,1722305609
249,sarupathar,26.1984,93.8094,26.9,94,98,1.68,IN,1722305610
250,namibe,-15.1961,12.1522,17.19,86,86,1.6,AO,1722305611
251,gadzhiyevo,69.2551,33.3362,9.6,95,100,6.41,RU,1722305613
252,taltal,-25.4,-70.4833,14.23,80,64,1.84,CL,1722305614
253,balaklava,44.5,33.6,22.43,45,0,7.29,UA,1722305615
254,kingscliff,-28.2667,153.5667,18.3,48,40,7.72,AU,1722305617
255,vernon,50.2581,-119.2691,22.39,71,100,0.89,CA,1722305618
256,kourou,5.1552,-52.6478,26.03,92,38,2.88,GF,1722305621
257,san pedro pochutla,15.7333,-96.4667,25.95,90,100,0.89,MX,1722305622
258,beloyarskiy,63.7119,66.6722,17.19,85,10,2.05,RU,1722305624
259,guerrero negro,27.9769,-114.0611,20.25,80,61,7.79,MX,1722305625
260,maturin,9.75,-63.1767,23.91,100,100,1.54,VE,1722305627
261,sultanah,24.4926,39.5857,33.25,19,0,4.12,SA,1722305628
262,argostolion,38.1811,20.489,28.19,27,0,1.2,GR,1722305630
263,eureka,40.8021,-124.1637,22.33,82,71,0.89,US,1722305543
264,mount pearl,47.5166,-52.7813,21.36,90,18,2.68,CA,1722305382
265,fuglafjordur,62.244,-6.814,10.26,87,14,5.09,FO,1722305634
266,walvis bay,-22.9575,14.5053,8.38,100,5,3.6,NA,1722305635
267,patiali,27.7167,79.0167,33.22,56,41,3.75,IN,1722305636
268,port macquarie,-31.4333,152.9167,16.05,65,11,1.79,AU,1722305405
269,puerto baquerizo moreno,-0.9,-89.6,20.02,89,100,6.02,EC,1722305639
270,carutapera,-1.195,-46.02,24.99,85,10,3.25,BR,1722305640
271,sarmiento,-45.5882,-69.07,3.51,49,60,2.32,AR,1722305642
272,umluj,25.0213,37.2685,29.66,67,7,0.49,SA,1722305644
273,isafjordur,66.0755,-23.124,8.25,91,100,2.67,IS,1722305645
274,port elizabeth,-33.918,25.5701,13.16,76,0,7.72,ZA,1722305647
275,ivins,37.1686,-113.6794,36.62,6,0,2.24,US,1722305648
276,funafuti,-8.5243,179.1942,30.0,70,40,8.23,TV,1722305649
277,notodden,59.5594,9.2585,13.07,89,0,0.48,NO,1722305651
278,alofi,-19.0595,-169.9187,23.94,50,75,9.77,NU,1722305652
279,minas de marcona,-15.2119,-75.1103,12.39,77,4,1.7,PE,1722305653
280,margaret river,-33.95,115.0667,16.06,72,12,3.28,AU,1722305655
281,trondheim,63.4305,10.3951,11.11,94,0,2.06,NO,1722305656
282,afaahiti,-17.75,-149.2833,21.93,80,84,9.1,PF,1722305657
283,xining,36.6167,101.7667,18.14,47,2,1.47,CN,1722305658
284,antonio enes,-16.2325,39.9086,20.86,71,0,2.03,MZ,1722305660
285,bubaque,11.2833,-15.8333,26.56,84,93,4.08,GW,1722305661
286,sao jose da coroa grande,-8.8978,-35.1478,23.91,84,8,3.15,BR,1722305663
287,ipilan,8.8431,117.9033,30.05,68,100,2.0,PH,1722305664
288,cabo san lucas,22.8909,-109.9124,32.61,48,0,5.14,MX,1722305502
289,padang,-0.9492,100.3543,31.03,67,0,1.18,ID,1722305667
290,kattivakkam,13.2167,80.3167,31.09,78,100,5.79,IN,1722305668
291,chinde,26.8212,87.7095,27.97,81,30,1.19,NP,1722305669
292,undurkhaan,47.3194,110.6556,24.77,55,62,0.39,MN,1722305670
293,tyukhtet,56.5389,89.3011,20.73,78,40,1.86,RU,1722305672
294,nadym,65.5333,72.5167,18.83,85,100,2.51,RU,1722305673
295,orda,57.1951,56.9091,13.52,94,60,1.74,RU,1722305674
296,queenstown,-31.8976,26.8753,2.89,41,0,2.74,ZA,1722305675
297,paracuru,-3.41,-39.0306,26.73,84,58,4.35,BR,1722305678
298,pont rouge,48.8833,-72.0825,23.16,70,100,1.49,CA,1722305680
299,villamontes,-21.25,-63.5,11.97,51,100,0.81,BO,1722305681
300,crane,31.3974,-102.3501,31.9,39,0,7.44,US,1722305682
301,salinopolis,-0.6136,-47.3561,26.53,79,8,4.87,BR,1722305684
302,erenhot,43.6475,111.9767,21.98,63,100,4.52,CN,1722305685
303,qacha's nek,-30.1154,28.6894,-1.03,29,0,2.91,LS,1722305686
304,kyelang,32.5833,77.0333,13.06,73,100,1.21,IN,1722305687
305,kirakira,-10.4544,161.9205,29.25,63,93,7.02,SB,1722305689
306,laguna,38.421,-121.4238,31.97,43,0,5.14,US,1722305690
307,tamanrasset,22.785,5.5228,23.95,73,40,1.03,DZ,1722305691
308,bardai,11.65,7.2333,21.0,94,100,3.15,NG,1722305693
309,saint-arnoult-en-yvelines,48.5667,1.9333,21.81,80,38,1.68,FR,1722305694
310,new norfolk,-42.7826,147.0587,10.95,53,99,0.61,AU,1722305695
311,weno,7.4515,151.8468,31.97,74,75,4.12,FM,1722305697
312,mount gambier,-37.8333,140.7667,12.17,52,100,2.69,AU,1722305698
313,baturaja,-4.1333,104.1667,28.39,61,36,1.8,ID,1722305699
314,la quiaca,-22.1024,-65.593,2.64,97,5,2.4,AR,1722305700
315,port lincoln,-34.7333,135.8667,13.55,44,72,6.38,AU,1722305702
316,sirur,18.8333,74.3833,23.52,91,100,4.72,IN,1722305703
317,ceeldheer,3.8488,47.1806,23.61,86,50,7.64,SO,1722305704
318,san sebastian de la gomera,28.0916,-17.1133,22.99,88,0,3.09,ES,1722305706
319,sandnessjoen,66.0217,12.6316,7.29,73,75,2.67,NO,1722305707
320,olyokminsk,60.3736,120.4264,19.54,54,65,4.04,RU,1722305708
321,benito juarez,19.385,-99.165,16.9,82,100,2.06,MX,1722305710
322,la concepcion de los banos,19.6819,-99.8569,12.31,92,82,2.04,MX,1722305711
323,lorengau,-2.0226,147.2712,27.83,81,98,5.0,PG,1722305714
324,shimoda,34.6667,138.95,33.2,61,44,2.49,JP,1722305715
325,kushiro,42.975,144.3747,24.53,69,75,7.2,JP,1722305716
326,tocopilla,-22.092,-70.1979,16.95,75,0,1.51,CL,1722305717
327,raja,8.4596,25.678,21.72,83,100,2.1,SS,1722305719
328,sirjan,29.452,55.6814,27.78,30,0,1.4,IR,1722305720
329,karratha,-20.7377,116.8463,26.27,18,5,3.16,AU,1722305722
330,tozeur,33.9197,8.1335,30.22,32,0,3.6,TN,1722305724
331,oriximina,-1.7656,-55.8661,26.82,62,21,1.98,BR,1722305725
332,pekan,3.4836,103.3996,29.06,78,8,2.44,MY,1722305727
333,khovd,48.0056,91.6419,24.22,37,5,1.97,MN,1722305728
334,williams lake,52.1415,-122.1445,17.76,88,75,2.06,CA,1722305729
335,tolanaro,-25.0319,46.9987,18.36,88,19,3.02,MG,1722305731
336,lewistown,40.5992,-77.5714,27.41,72,100,1.57,US,1722305732
337,pampierstad,-27.7832,24.6877,1.26,36,13,1.87,ZA,1722305733
338,la ronge,55.1001,-105.2842,29.12,32,75,1.54,CA,1722305735
339,susuman,62.7833,148.1667,20.61,43,35,7.52,RU,1722305736
340,vorkuta,67.5,64.0,18.7,73,91,3.4,RU,1722305737
341,trancas,-26.2314,-65.2803,8.55,60,2,0.99,AR,1722305740
342,inari,68.906,27.0288,13.31,86,100,3.97,FI,1722305741
343,okhotsk,59.3833,143.3,14.31,65,94,5.05,RU,1722305743
344,sinop,41.7711,34.8709,16.62,54,0,1.29,TR,1722305744
345,guatrache,-37.6678,-63.5302,5.25,32,48,7.1,AR,1722305745
346,priozersk,61.0393,30.1291,14.44,91,43,2.71,RU,1722305747
347,kruisfontein,-34.0033,24.7314,10.59,85,100,8.61,ZA,1722305748
348,pangody,65.85,74.4859,17.43,97,100,1.36,RU,1722305749
349,ancud,-41.8697,-73.8203,5.49,79,100,2.33,CL,1722305750
350,pizarro,4.9533,-77.366,26.45,90,98,2.0,CO,1722305752
351,saint-pierre,-21.3393,55.4781,18.82,52,0,2.57,RE,1722305753
352,el jem,35.3,10.7167,26.16,52,0,3.09,TN,1722305754
353,outjo,-20.1167,16.15,11.09,20,24,2.79,NA,1722305756
354,mora,11.0461,14.1401,23.5,79,100,2.52,CM,1722305757
355,island harbour,50.724,-1.2758,16.77,64,0,2.77,GB,1722305758
356,sonson,5.7106,-75.3107,9.66,90,13,1.31,CO,1722305759
357,gurlan,41.8447,60.3919,22.95,29,94,3.95,UZ,1722305761
358,camocim,-2.9022,-40.8411,25.93,73,32,6.65,BR,1722305762
359,dunedin,-45.8742,170.5036,5.45,76,100,0.45,NZ,1722305764
360,ubinskoye,55.3068,79.6802,17.65,70,84,2.16,RU,1722305765
361,castillos,-34.1667,-53.8333,3.02,78,6,1.22,UY,1722305766
362,kingston,17.997,-76.7936,29.53,74,20,6.17,JM,1722305767
363,namtsy,62.7161,129.6658,15.98,90,100,3.32,RU,1722305769
364,kalabo,-14.97,22.6814,12.72,22,0,1.72,ZM,1722305770
365,vilyuchinsk,52.9306,158.4028,15.15,94,100,1.08,RU,1722305771
366,villa altagracia,18.673,-70.171,25.56,94,100,1.11,DO,1722305773
367,ikang,4.7898,8.5316,23.6,91,100,1.43,NG,1722305774
368,lichinga,-13.3128,35.2406,12.73,29,6,2.05,MZ,1722305775
369,al majaridah,19.1236,41.9111,30.69,60,84,0.86,SA,1722305777
370,al bawiti,28.3492,28.8659,25.71,48,0,2.31,EG,1722305778
371,axim,4.8699,-2.2405,23.56,89,100,4.18,GH,1722305779
372,bullhead city,35.1478,-114.5683,42.68,4,0,6.17,US,1722305780
373,katsuren-haebaru,26.3369,127.8719,31.72,76,75,3.6,JP,1722305783
374,ciudad lazaro cardenas,17.9583,-102.2,28.23,78,99,1.67,MX,1722305784
375,alma,48.5501,-71.6491,24.5,65,97,1.33,CA,1722305786
376,aligudarz,33.4006,49.6949,21.58,39,4,2.38,IR,1722305787
377,temuco,-38.7333,-72.6,4.87,76,100,0.59,CL,1722305788
378,manta,-0.95,-80.7333,23.88,83,100,6.69,EC,1722305562
379,ar ruways,24.1103,52.7306,30.99,65,21,2.21,AE,1722305791
380,oranjemund,-28.55,16.4333,10.86,82,0,5.72,NA,1722305792
381,kedrovyy,56.1667,91.8167,21.23,85,93,2.3,RU,1722305793
382,fada,7.25,4.0667,20.92,97,100,0.97,NG,1722305795
383,tazacorte,28.629,-17.9293,21.54,96,0,2.06,ES,1722305796
384,st. john's,47.5649,-52.7093,22.31,89,0,12.86,CA,1722305797
385,chardara,41.2547,67.9692,25.81,31,73,5.58,KZ,1722305798
386,bonthe,7.5264,-12.505,24.71,88,100,6.1,SL,1722305800
387,la'ie,21.6477,-157.9253,29.66,74,98,2.68,US,1722305801
388,inhambane,-23.865,35.3833,18.18,73,1,2.51,MZ,1722305802
389,akureyri,65.6835,-18.0878,10.96,87,100,3.09,IS,1722305804
390,beyneu,45.3167,55.2,24.04,37,0,0.95,KZ,1722305805
391,daru,-9.0763,143.2092,25.37,82,80,7.57,PG,1722305808
392,matamata,-37.8106,175.7624,16.08,77,85,2.04,NZ,1722305809
393,kunnamkulam,10.65,76.0833,24.46,94,100,3.59,IN,1722305810
394,niort,46.3333,-0.3333,23.98,71,48,2.14,FR,1722305812
395,luwuk,-0.9516,122.7875,27.38,68,15,2.5,ID,1722305813
396,novyy urgal,51.0736,132.5642,26.22,50,2,0.41,RU,1722305814
397,pemba,-12.974,40.5178,22.88,65,32,3.19,MZ,1722305816
398,beas de segura,38.2524,-2.8888,25.0,37,56,3.22,ES,1722305817
399,katsuura,35.1333,140.3,28.32,79,93,3.96,JP,1722305818
400,vrangel',42.7297,133.0839,20.41,86,81,5.14,RU,1722305820
401,saint-philippe,-21.3585,55.7679,18.77,75,3,2.35,RE,1722305821
402,alesund,62.4723,6.1549,15.18,87,75,4.12,NO,1722305822
403,ust'-ilimsk,58.0006,102.6619,26.11,48,25,1.39,RU,1722305823
404,dilling,12.05,29.65,23.92,77,88,5.74,SD,1722305825
405,mejit,10.2753,170.8646,27.86,78,81,9.09,MH,1722305826
406,mogocha,53.7333,119.7667,25.61,48,100,0.74,RU,1722305827
407,ulanhot,46.0833,122.0833,28.94,51,89,0.66,CN,1722305829
408,paranhos,-23.8928,-55.4311,15.6,98,100,2.4,BR,1722305830
409,neiafu,-18.65,-173.9833,23.49,58,33,10.75,TO,1722305831
410,jinchang,38.4953,102.1739,28.23,25,28,5.74,CN,1722305833
411,komarichi,52.4151,34.7905,13.6,95,100,6.16,RU,1722305834
412,kavaratti,10.5669,72.642,28.12,84,100,10.03,IN,1722305835
413,vangviang,18.9333,102.45,21.98,100,100,0.54,LA,1722305837
414,xai-xai,-25.0519,33.6442,15.24,76,0,2.7,MZ,1722305838
415,baalbek,34.0058,36.2181,17.36,55,0,2.66,LB,1722305839
416,yuzhno-kurilsk,44.0306,145.8556,14.9,97,100,7.83,RU,1722305841
417,akhmet'a,42.0311,45.2075,19.29,96,94,0.26,GE,1722305842
418,moree,-29.4667,149.85,14.32,44,0,3.55,AU,1722305843
419,zima,53.9202,102.0442,23.18,64,100,2.12,RU,1722305844
420,paphos,34.7667,32.4167,23.88,53,0,4.12,CY,1722305839
421,thinadhoo,0.5333,72.9333,28.92,73,100,4.03,MV,1722305847
422,usogorsk,63.4106,48.6872,15.76,80,52,1.2,RU,1722305848
423,howrah,22.5892,88.3103,30.0,89,75,3.09,IN,1722305850
424,pisco,-13.7,-76.2167,14.45,88,40,1.03,PE,1722305851
425,newnham,-41.3833,147.1333,9.92,50,97,1.36,AU,1722305852
426,verkhnevilyuysk,63.4453,120.3167,16.12,47,7,4.63,RU,1722305853
427,gilgit,35.9221,74.3087,28.96,44,40,0.98,PK,1722305855
428,barra do garcas,-15.89,-52.2567,24.47,34,73,0.6,BR,1722305856
429,kemalpasa,38.4262,27.4173,29.32,47,0,3.6,TR,1722305857
430,bairnsdale,-37.8333,147.6167,12.25,60,12,1.12,AU,1722305859
431,cururupu,-1.8283,-44.8683,22.05,100,13,1.23,BR,1722305860
432,mocimboa,-11.3167,40.35,19.13,90,32,2.43,MZ,1722305861
433,kibondo,-3.5864,30.7203,17.24,35,82,1.24,TZ,1722305863
434,fort bragg,35.139,-79.006,24.08,90,100,0.0,US,1722305864
435,chagoda,59.164,35.3285,13.32,80,69,3.09,RU,1722305865
436,dryden,49.7833,-92.7503,22.16,68,0,1.54,CA,1722305866
437,cabedelo,-6.9811,-34.8339,24.37,86,23,5.03,BR,1722305868
438,new plymouth,-39.0667,174.0833,14.34,100,100,5.94,NZ,1722305439
439,kone,-21.0595,164.8658,25.55,50,99,3.95,NC,1722305870
440,san luis de la loma,17.2706,-100.8939,27.56,82,96,0.18,MX,1722305872
441,tazovsky,67.4667,78.7,18.04,91,100,5.9,RU,1722305873
442,sinabang,2.4803,96.3801,29.03,70,80,2.22,ID,1722305874
443,madimba,-10.4,40.3333,19.58,90,58,2.32,TZ,1722305876
444,anna regina,7.2644,-58.5077,26.71,80,96,2.88,GY,1722305877
445,wynyard,-41.0,145.7167,9.55,71,90,0.45,AU,1722305878
446,mohr,54.3528,9.7167,13.08,94,3,1.54,DE,1722305880
447,sao gabriel da cachoeira,-0.1303,-67.0892,21.98,99,99,0.73,BR,1722305881
448,babu,24.4167,111.5167,29.22,74,33,1.93,CN,1722305882
449,jaisalmer,26.9147,70.9181,32.61,63,29,2.96,IN,1722305883
450,brookings,44.3114,-96.7984,26.14,82,0,3.09,US,1722305885
451,hede,33.7681,120.2517,32.22,66,0,4.52,CN,1722305886
452,alaghsas,17.0187,8.0168,25.76,60,91,5.36,NE,1722305887
453,les cayes,18.2,-73.75,26.45,84,100,1.16,HT,1722305889
454,baidoa,3.1138,43.6498,21.12,81,96,6.84,SO,1722305890
455,grove,51.6095,-1.4219,16.17,86,0,0.51,GB,1722305892
456,parral,26.9333,-105.6667,25.77,30,4,3.59,MX,1722305893
457,ketchikan,55.3422,-131.6461,16.86,67,29,3.04,US,1722305894
458,saiha,22.4833,92.9667,23.99,96,100,0.93,IN,1722305896
459,taulaga,-11.0553,-171.0883,26.3,64,87,11.15,AS,1722305897
460,murun-kuren,49.6342,100.1625,22.41,52,20,1.77,MN,1722305898
461,bengkulu,-3.8004,102.2655,26.68,78,77,2.1,ID,1722305901
462,chifeng,42.2683,118.9636,26.99,64,100,2.82,CN,1722305902
463,tommot,58.9564,126.2925,17.77,95,100,3.82,RU,1722305904
464,arkhangel'sk,64.5401,40.5433,13.06,100,100,2.0,RU,1722305905
465,revelstoke,50.9832,-118.2023,19.01,77,75,1.03,CA,1722305906
466,mandan,46.8267,-100.8896,21.99,73,0,4.12,US,1722305908
467,urangan,-25.3,152.9,16.79,55,1,7.51,AU,1722305909
468,luchegorsk,46.4764,134.2569,21.13,84,93,2.0,RU,1722305910
469,playa del carmen,20.6274,-87.0799,30.01,89,40,0.0,MX,1722305912
470,pyhajarvi,67.0701,27.2176,12.06,81,100,3.76,FI,1722305913
471,vilanova i la geltru,41.2239,1.7251,28.72,39,7,1.34,ES,1722305914
472,prum,50.2167,6.4167,16.94,95,11,0.7,DE,1722305916
473,agat village,13.3886,144.6585,31.06,83,40,4.12,GU,1722305917
474,tarawa,1.419,172.984,32.05,66,75,3.09,KI,1722305918
475,fortuna,40.5982,-124.1573,19.43,90,0,5.66,US,1722305920
476,ivankiv,50.9386,29.8943,15.34,93,100,8.46,UA,1722305921
477,marat,25.0701,45.4615,29.03,17,63,3.78,SA,1722305922
478,callao,-12.0667,-77.15,18.18,77,100,2.57,PE,1722305924
479,torghay,49.6339,63.4981,23.55,39,87,3.18,KZ,1722305925
480,pangkalanbuun,-2.6833,111.6167,27.32,87,48,1.44,ID,1722305926
481,cesme,38.3228,26.3064,25.61,68,0,10.14,TR,1722305927
482,santiago de cuba,20.0247,-75.8219,29.06,74,20,2.06,CU,1722305929
483,tofol,5.3248,163.0078,30.88,70,75,5.14,FM,1722305930
484,necochea,-38.5473,-58.7368,2.64,47,5,4.48,AR,1722305931
485,nikel,69.4128,30.222,13.1,93,100,5.2,RU,1722305933
486,mzimba,-11.9,33.6,14.22,37,4,3.33,MW,1722305934
487,oistins,13.0667,-59.5333,28.05,83,40,3.09,BB,1722305935
488,akjoujt,19.6969,-14.4164,28.42,45,2,4.96,MR,1722305937
489,borzya,50.3833,116.5167,25.07,62,37,2.59,RU,1722305938
490,puqi,29.7167,113.8833,32.97,61,6,1.71,CN,1722305939
491,tampakan,6.4442,124.9264,29.16,72,30,0.83,PH,1722305940
492,maracai,-22.6106,-50.6672,21.88,55,100,4.1,BR,1722305942
493,potosi,-19.5836,-65.7531,5.78,61,0,1.3,BO,1722305943
494,conduaga,8.862,117.4893,31.11,60,100,1.74,PH,1722305944
495,peniche,39.3558,-9.3811,20.6,93,0,1.86,PT,1722305946
496,essaouira,31.5125,-9.77,20.72,88,0,1.03,MA,1722305947
497,happy valley-goose bay,53.3168,-60.3315,23.17,64,20,2.06,CA,1722305948
498,santa ana de yacuma,-13.75,-65.4333,24.95,52,2,5.81,BO,1722305950
499,searcy,35.2506,-91.7363,29.48,80,0,3.6,US,1722305951
500,erdenet,49.0333,104.0833,21.16,68,44,1.75,MN,1722305952
501,villa de soto,-30.8552,-64.9995,6.89,44,1,4.4,AR,1722305953
502,cole harbour,44.6724,-63.4751,17.74,91,28,3.09,CA,1722305955
503,porto velho,-8.7619,-63.9039,26.03,73,11,0.51,BR,1722305956
504,ganshui,28.7422,106.7111,24.84,94,100,1.0,CN,1722305957
505,kupang,-10.1667,123.5833,32.32,55,40,11.83,ID,1722305959
506,wuwei,37.9281,102.6414,28.95,22,23,4.77,CN,1722305960
507,jhulasan,23.3286,72.4731,25.86,87,96,3.12,IN,1722305961
508,sos'va,59.1766,61.8558,12.68,93,47,0.93,RU,1722305963
509,boguchany,58.3814,97.4531,25.49,58,58,1.73,RU,1722305964
510,debre tabor,11.85,38.0167,10.97,97,100,0.19,ET,1722305965
511,mogadishu,2.0371,45.3438,24.12,84,93,5.77,SO,1722305967
512,bandarbeyla,9.4942,50.8122,25.41,76,73,12.89,SO,1722305968
513,kachug,53.9606,105.8817,22.91,61,2,1.76,RU,1722305969
514,santa ana,33.7456,-117.8678,29.97,52,0,3.6,US,1722305971
515,bhadra,29.1167,75.1667,34.51,51,51,4.04,IN,1722305972
516,buckhannon,38.994,-80.232,23.3,80,0,2.06,US,1722305731
517,soligalich,59.0778,42.2864,12.64,95,100,1.62,RU,1722305974
518,port saint john's,-31.6229,29.5448,11.79,55,0,3.09,ZA,1722305976
519,san julian,21.0167,-102.1667,19.75,63,98,0.96,MX,1722305977
520,chiredzi,-21.05,31.6667,13.17,89,7,0.63,ZW,1722305978
521,sint michiel liber,12.15,-68.9833,28.9,79,20,7.2,CW,1722305980
522,broome,42.2506,-75.833,22.78,73,36,1.41,US,1722305981
523,kargasok,59.0556,80.8572,18.19,75,6,3.22,RU,1722305982
524,siwa oasis,29.2041,25.5195,28.49,40,0,2.82,EG,1722305983
525,polyarnyy,69.1989,33.4478,9.47,95,100,6.42,RU,1722305985
526,clusone,45.8871,9.9497,22.86,91,59,1.43,IT,1722305986
527,east london,-33.0153,27.9116,13.0,40,5,5.17,ZA,1722305989
528,khanbari,27.3747,87.2039,28.04,85,45,0.39,NP,1722305990
529,robertsport,6.7533,-11.3686,25.0,85,100,7.05,LR,1722305991
530,flying fish cove,-10.4217,105.6791,25.82,78,40,6.17,CX,1722305993
531,nema,57.5067,50.5011,13.0,94,74,0.88,RU,1722305994
532,teknaf,20.8624,92.3058,26.74,90,100,4.7,BD,1722305995
533,liwale,-9.7667,37.9333,15.19,95,5,1.26,TZ,1722305997
534,chernyshevskiy,63.0128,112.4714,16.42,46,0,3.65,RU,1722305998
535,sao tome,0.3365,6.7273,22.98,84,86,4.29,ST,1722305999
536,lospalos,-8.5186,127.0025,24.75,77,86,5.9,TL,1722306001
537,nuuk,64.1835,-51.7216,4.34,100,100,5.66,GL,1722305955
538,cuyo,10.8525,121.0086,28.52,69,44,1.46,PH,1722306003
539,ola,59.5833,151.2833,14.88,63,97,4.28,RU,1722306004
540,aleg,17.0481,-13.9209,29.95,55,33,6.78,MR,1722306006
541,florida,28.7505,-82.5001,27.23,81,40,0.0,US,1722306007
542,boende,-0.2167,20.8667,21.97,82,38,1.03,CD,1722306008
543,khowy,38.5503,44.9521,15.29,72,0,1.03,IR,1722306010
544,west hattiesburg,31.3191,-89.3751,28.81,91,0,0.0,US,1722306011
545,kerikeri,-35.2268,173.9474,17.17,92,100,2.24,NZ,1722306012
546,at taj,24.2049,23.2857,28.48,20,61,4.49,LY,1722306014
547,bulgan,48.8125,103.5347,22.39,62,20,1.19,MN,1722306015
548,martakert,40.2104,46.821,17.65,81,0,1.26,AZ,1722306016
549,al marj,32.488,20.8317,22.37,86,0,3.61,LY,1722306018
550,rawson,-43.3002,-65.1023,8.25,38,39,9.25,AR,1722306019
551,colonia,50.9333,6.95,18.87,78,0,2.57,DE,1722306022
552,itaocara,-21.6692,-42.0761,19.98,83,60,0.84,BR,1722306023
553,hasaki,35.7333,140.8333,35.16,73,48,2.64,JP,1722306024
